variable,desc,alias,level,section,scale,subscale,aggregate,aggregate_ref,type,required,condition,sum_type,MAX,option_1,option_2,option_3,option_4,option_5,option_6,option_7,option_8,option_9
#,,,,,,,,,,,,,,,,,,,,,,
# Version eMAPS Scorer: 2020.01,,,,,,,,,,,,,,,,,,,,,,
# Version eMAPS: 6.3,,,,,,,,,,,,,,,,,,,,,,
#,,,,,,,,,,MAX = ,,,63,,,,,,,,,
#,,,,,,,,,,,,,,,,,,,,,,
# STREETSCAPE,,,,,,,,,,MAX=,,,19,MIN=,-9,,,,,,,
## Streetscape Positive,,,,,,,,,,MAX=,,,19,,,,,,,,,
### Trash Cans,,,,,,,,,,,,,1,,,,,,,,,
Q_037,Basureros Públicos en Acera,seg_acera_basureros,segment,streetscape,streetscape_positive,trash_cans,TRUE,,numeric,TRUE,,positive,1,(>0)=1,*=0,,,,,,,
Q_037_l,Basureros Públicos en Acera - Lado izquierdo,seg_acera_basureros_izq,segment,streetscape,streetscape_positive,trash_cans,,Q_037,numeric,TRUE,,positive,,(>0)=1,*=0,,,,,,,
Q_037_r,Basureros Públicos en Acera - Lado derecho,seg_acera_basureros_der,segment,streetscape,streetscape_positive,trash_cans,,Q_037,numeric,TRUE,,positive,,(>0)=1,*=0,,,,,,,
### Benches,,,,,,,,,,,,,1,,,,,,,,,
Q_038,Bancas en Acera,seg_acera_bancas,segment,streetscape,streetscape_positive,benches,TRUE,,numeric,TRUE,,positive,1,(>0)=1,*=0,,,,,,,
Q_038_l,Bancas - Lado izquierdo,seg_acera_bancas_izq,segment,streetscape,streetscape_positive,benches,,Q_038,numeric,TRUE,,positive,,(>0)=1,*=0,,,,,,,
Q_038_r,Bancas - Lado derecho,seg_acera_bancas_der,segment,streetscape,streetscape_positive,benches,,Q_038,numeric,TRUE,,positive,,(>0)=1,*=0,,,,,,,
### Bicycle parking,,,,,,,,,,,,,1,,,,,,,,,
Q_039,Parqueaderos de Bicicletas,seg_acera_parqueo_bici,segment,streetscape,streetscape_positive,bicycle_parking,TRUE,,numeric,TRUE,,positive,1,(>0)=1,*=0,,,,,,,
Q_039_l,Parqueaderos de Bicicletas - Lado izquierdo,seg_acera_parqueo_bici_izq,segment,streetscape,streetscape_positive,bicycle_parking,,Q_039,numeric,TRUE,,positive,,(>0)=1,*=0,,,,,,,
Q_039_r,Parqueaderos de Bicicletas - Lado derecho,seg_acera_parqueo_bici_der,segment,streetscape,streetscape_positive,bicycle_parking,,Q_039,numeric,TRUE,,positive,,(>0)=1,*=0,,,,,,,
### Bus stops,,,,,,,,,,,,,2,,,,,,,,,
Q_043,Número de paradas de transporte público,seg_acera_parqueo_bici,segment,streetscape,streetscape_positive,bus_stops,TRUE,,numeric,TRUE,,positive,2,(<1)=0,"(>=1,<=1)=1",(>=2)=2,*=0,,,,,
Q_043_l,Número de paradas de transporte público - Lado izquierdo,seg_acera_num_paradas,segment,streetscape,streetscape_positive,bus_stops,,Q_043,formula,TRUE,,positive,,[value],,,,,,,,
Q_043_r,Número de paradas de transporte público - Lado derecho,seg_acera_num_paradas,segment,streetscape,streetscape_positive,bus_stops,,Q_043,formula,TRUE,,positive,,[value],,,,,,,,
Q_044_l,No. de Bancas en la parada de bus - Lado izquierdo,seg_acera_num_bancas_parada,segment,streetscape,streetscape_positive,bus_stops,,Q_043,formula,TRUE,,positive,,[value],,,,,,,,
Q_044_r,No. de Bancas en la parada de bus - Lado derecho,seg_acera_num_bancas_parada,segment,streetscape,streetscape_positive,bus_stops,,Q_043,formula,TRUE,,positive,,[value],,,,,,,,
Q_045_l,No. de Cubiertas en la parada de bus - Lado izquierdo,seg_acera_num_cubiertas_parada,segment,streetscape,streetscape_positive,bus_stops,,Q_043,formula,TRUE,,positive,,[value],,,,,,,,
Q_045_r,No. de Cubiertas en la parada de bus - Lado derecho,seg_acera_num_cubiertas_parada,segment,streetscape,streetscape_positive,bus_stops,,Q_043,formula,TRUE,,positive,,[value],,,,,,,,
Q_046_l,No. de Informacion en la parada de bus - Lado izquierdo,seg_acera_num_info_parada,segment,streetscape,streetscape_positive,bus_stops,,Q_043,formula,TRUE,,positive,,[value],,,,,,,,
Q_046_r,No. de Informacion en la parada de bus - Lado derecho,seg_acera_num_info_parada,segment,streetscape,streetscape_positive,bus_stops,,Q_043,formula,TRUE,,positive,,[value],,,,,,,,
### Traffic control,,,,,,,,,,,,,2,,,,,,,,,
Q_066_TC,Control de Tráfico,seg_control_trafico,segment,streetscape,streetscape_positive,traffic_control ,TRUE,,numeric,TRUE,,positive,2,"(>=1,<=1)=1",(>=2)=2,*=0,,,,,,
Q_066,Señal de velocidad máxima,seg_senal_velocidad,segment,streetscape,streetscape_positive,traffic_control ,,Q_066_TC,numeric,TRUE,,positive,,"(>=1,<=1)=1",*=0,,,,,,,
Q_067,Rompevelocidades,seg_rompevelocidades,segment,streetscape,streetscape_positive,traffic_control ,,Q_066_TC,bool,TRUE,,positive,,True=1,False=0,,,,,,,
Q_068,Señal de rompevelocidades,seg_señal_rompevelocidades,segment,streetscape,streetscape_positive,traffic_control ,,Q_066_TC,bool,TRUE,,positive,,True=1,False=0,,,,,,,
### Lighting,,,,,,,,,,,,,1,,,,,,,,,
Q_040,Luminarias,seg_acera_luminarias,segment,streetscape,streetscape_positive,lighting,TRUE,,numeric,TRUE,,positive,1,(>=1)=1,*=0,,,,,,,
Q_040_l,Luminarias - Lado izquierdo,seg_acera_luminarias_izq,segment,streetscape,streetscape_positive,lighting,,Q_040,formula,TRUE,,positive,,([value]/[segment_length])*100,,,,,,,,
Q_040_r,Luminarias - Lado derecho,seg_acera_luminarias_der,segment,streetscape,streetscape_positive,lighting,,Q_040,formula,TRUE,,positive,,([value]/[segment_length])*100,,,,,,,,
### Mid segment pedestrian crossing,,,,,,,,,,,,,2,,,,,,,,,
Q_069,Cruce a mitad del segmento,seg_curce_segmento,segment,streetscape,streetscape_positive,mid_segment_crossing,,,option,TRUE,,positive,2,A=1:Paso cebra,B=2:Plataforma elevada,C=0:Paso peatonal elevado,D=0:No existe,,,,,
### Parterre,,,,,,,,,,,,,1,,,,,,,,,
Q_064,Parter central,seg_parter_central,segment,streetscape,streetscape_positive,parterre,,,bool,TRUE,,positive,1,True=1,False=0,,,,,,,
### Curbless street (pedestrian or shared oriented),,,,,,,,,,,,,1,,,,,,,,,
Q_065,Plataforma única,seg_plataforma_ubica,segment,streetscape,streetscape_positive,curbless_street,,,bool,TRUE,,positive,1,True=1,False=0,,,,,,,
### Cycleway ,,,,,,,,,,,,,2,,,,,,,,,
Q_053_CV,Ciclovía,seg_coiclovia,segment,streetscape,streetscape_positive,cycleway,TRUE,,numeric,TRUE,,positive,2,"(>=1,<=1)=1","(>=2,<=2)=2",*=0,,,,,,
Q_053,Ciclovia Existencia,seg_ciclovia_exist,segment,streetscape,streetscape_positive,cycleway,TRUE,Q_053_CV,max,TRUE,,positive,,[value],,,,,,,,
Q_053_l,Ciclovía Existencia - Lado izquierdo,seg_ciclovia_exist_izq,segment,streetscape,streetscape_positive,cycleway,,Q_053,option,TRUE,,positive,,A=0:En acera,B=1:En calzada,C=0:No existe,,,,,,
Q_053_r,Ciclovía Existencia - Lado derecho,seg_ciclovia_exist_der,segment,streetscape,streetscape_positive,cycleway,,Q_053,option,TRUE,,positive,,A=0:En acera,B=1:En calzada,C=0:No existe,,,,,,
Q_054,Ciclovia Segregada,seg_ciclovia_segregada,segment,streetscape,streetscape_positive,cycleway,TRUE,Q_053_CV,max,TRUE,,positive,,[value],,,,,,,,
Q_054_l,Ciclovia Segregada - Lado izquierdo,seg_ciclovia_segregada_izq,segment,streetscape,streetscape_positive,cycleway,,Q_054,bool,TRUE,,positive,,True=1:Segregada,False=0:No Segregada,,,,,,,
Q_054_r,Ciclovia Segregada - Lado derecho,seg_ciclovia_segregada_der,segment,streetscape,streetscape_positive,cycleway,,Q_054,bool,TRUE,,positive,,True=1:Segregada,False=0:No Segregada,,,,,,,
### Trees,,,,,,,,,,,,,4,,,,,,,,,
Q_041,Arboles,seg_acera_arboles,segment,streetscape,streetscape_positive,trees,TRUE,,numeric,TRUE,,positive,2,"(>0, <=1)=0","(>1, <=10)=1",(>10)=2,,,,,,
Q_041_l,Arboles - Lado izquierdo,seg_acera_arboles_izq,segment,streetscape,streetscape_positive,trees,,Q_041,formula,TRUE,,positive,,[value],,,,,,,,
Q_041_r,Arboles - Lado derecho,seg_acera_arboles_der,segment,streetscape,streetscape_positive,trees,,Q_041,formula,TRUE,,positive,,[value],,,,,,,,
Q_042,Espaciado de Arboles,seg_acera_arboles_espacio,segment,streetscape,streetscape_positive,trees,TRUE,,numeric,TRUE,,positive,2,"(>=1,<=1)=1","(>=2,<=2)=2",*=0,,,,,,
Q_042_l,Espaciado de Arboles - Lado izquierdo,seg_acera_arboles_espacio_izq,segment,streetscape,streetscape_positive,trees,,Q_042,option,TRUE,,positive,,A=1:Regular,B=0:Irregular,*=0,,,,,,
Q_042_r,Espaciado de Arboles - Lado derecha,seg_acera_arboles_espacio_der,segment,streetscape,streetscape_positive,trees,,Q_042,option,TRUE,,positive,,A=1:Regular,B=0:Irregular,*=0,,,,,,
### Connectors,,,,,,,,,,,,,1,,,,,,,,,
Q_056_CON,Conectores,seg_conectores,segment,streetscape,streetscape_positive,connectors,TRUE,,numeric,TRUE,,positive,1,(>=1)=1,*=0,,,,,,,
Q_056_l,Caminos informales - Lado izquierdo,seg_caminos_informales_izq,segment,streetscape,streetscape_positive,connectors,,Q_056_CON,formula,TRUE,,positive,,[value],,,,,,,,
Q_056_r,Caminos informales: - Lado derecho,seg_caminos_informales_der,segment,streetscape,streetscape_positive,connectors,,Q_056_CON,formula,TRUE,,positive,,[value],,,,,,,,
Q_057_l,Puente peatonal - Lado izquierdo,seg_puente_peatonal_izq,segment,streetscape,streetscape_positive,connectors,,Q_056_CON,formula,TRUE,,positive,,[value],,,,,,,,
Q_057_r,Puente peatonal - Lado derecho,seg_puente_peatonal_der,segment,streetscape,streetscape_positive,connectors,,Q_056_CON,formula,TRUE,,positive,,[value],,,,,,,,
Q_058_l,Escalinatas o rampas - Lado izquierdo,seg_escalinata_izq,segment,streetscape,streetscape_positive,connectors,,Q_056_CON,formula,TRUE,,positive,,[value],,,,,,,,
Q_058_r,Escalinatas o rampas - Lado derecho,seg_escalinata_der,segment,streetscape,streetscape_positive,connectors,,Q_056_CON,formula,TRUE,,positive,,[value],,,,,,,,
## Streetscape negative,,,,,,,,,,MAX=,,,-9,,,,,,,,,
### Roll-over curbs,,,,,,,,,,,,,-1,,,,,,,,,
Q_035,Bordillo redondeado de Acera,seg_acera_bordillo,segment,streetscape,streetscape_negative,roll_over_curbs,TRUE,,numeric,TRUE,,negative,-1,(>0)=-1,*=0,,,,,,,
Q_035_l,Bordillo redondeado de acera - Lado izquierdo,seg_acera_bordillo_izq,segment,streetscape,streetscape_negative,roll_over_curbs,,Q_035,bool,TRUE,,negative,,True=1,False=0,,,,,,,
Q_035_r,Bordillo redondeado de acera - Lado derecho,seg_acera_bordillo_der,segment,streetscape,streetscape_negative,roll_over_curbs,,Q_035,bool,TRUE,,negative,,True=1,False=0,,,,,,,
### Lack of lighting,,,,,,,,,,,,,-1,,,,,,,,,
Q_040_NEG,Luminarias,seg_acera_luminarias_neg,segment,streetscape,streetscape_negative,lack_lighting,TRUE,,numeric,TRUE,,negative,-1,(<1)=-1,*=0,,,,,,,
Q_040_l,Luminarias - Lado izquierdo,seg_acera_luminarias_izq,segment,streetscape,streetscape_negative,lack_lighting,,Q_040_NEG,formula,TRUE,,positive,,([value]/[segment_length])*100,,,,,,,,
Q_040_r,Luminarias - Lado derecho,seg_acera_luminarias_der,segment,streetscape,streetscape_negative,lack_lighting,,Q_040_NEG,formula,TRUE,,positive,,([value]/[segment_length])*100,,,,,,,,
### Driveways,,,,,,,,,,,,,-1,,,,,,,,,
Q_059_NEG,Entradas o callejones vehiculares,seg_entradas_neg,segment,streetscape,streetscape_negative,driveways,TRUE,,numeric,TRUE,,negative,-1,(>=1)=-1,*=0,,,,,,,
Q_059_l,Entradas o callejones vehiculares - Lado izquierdo,seg_entradas_izq,segment,streetscape,streetscape_negative,driveways,,Q_059_NEG,formula,TRUE,,positive,,[value],,,,,,,,
Q_059_r,Entradas o callejones vehiculares - Lado derecho,seg_entradas_der,segment,streetscape,streetscape_negative,driveways,,Q_059_NEG,formula,TRUE,,positive,,[value],,,,,,,,
### Number of motorized vehicle lanes ,,,,,,,,,,,,,-2,,,,,,,,,
Q_062,Número de carriles motorizados,seg_carriles_motorizados,segment,streetscape,streetscape_negative,motorized_vehicle_lanes,,,numeric,TRUE,,negative,-2,"(>0, <=2)=0","(>=3, <=4)=-1",(>5)=-2,"""6+""=-2",*=0,,,,
### Number of parked cars or on-street parking spots ,,,,,,,,,,,,,-1,,,,,,,,,
Q_063,"Estacionamientos o vehículos
estacionados",seg_estacionamientos,segment,streetscape,streetscape_negative,parked_cars,,,numeric,TRUE,,negative,-1,(>=1)=-1,*=0,,,,,,,
### Slope,,,,,,,,,,,,,-3,,,,,,,,,
Q_SLOPE,Pendiente,seg_pendiente,segment,streetscape,streetscape_negative,slope,,,slope,FALSE,,negative,-3,"(>=0, <=0.05)=0","(>0.05, <=0.1)=-1","(>0.1, <=0.15)=-2",(>0.15)=-3,*=0,,,,
,,,,,,,,,,,,,,,,,,,,,,
# AESTHETICS AND SOCIAL,,,,,,,,,,MAX=,,,4,MIN=,-2,,,,,,,
## Aesthetics and social positive,,,,,,,,,,MAX=,,,4,,,,,,,,,
### General maintenance of the stret segment,,,,,,,,,,,,,1,,,,,,,,,
Q_072,Mantenimiento general,seg_mantenimiento_general,segment,aesthetics_social,aesthetics_social_positive,segment_well_maintained,,,option,TRUE,,positive,1,A=1:Muy bueno(76/100%),B=1:Bueno (51/75%),C=0:Regular (26/50%),D=0:Malo (1/25%),C=0:Muy malo (0%),,,,
### Pleasant elements,,,,,,,,,,,,,1,,,,,,,,,
Q_070,Elementos agradables,seg_elementos_agradables,segment,aesthetics_social,aesthetics_social_positive,pleasant_elements,,,bool,TRUE,,positive,1,True=1,False=0,,,,,,,
### Gardens and landscaping,,,,,,,,,,,,,1,,,,,,,,,
Q_071,Jardines o paisajismo,seg_jardines_pasisajes,segment,aesthetics_social,aesthetics_social_positive,gardens_landscaping,,,bool,TRUE,,positive,1,True=1,False=0,,,,,,,
### Presence of walking or standing people,,,,,,,,,,,,,1,,,,,,,,,
Q_051,Presencia de personas caminando o sentadas,seg_acera_personas,segment,aesthetics_social,aesthetics_social_positive,obstacles,TRUE,,numeric,TRUE,,positive,1,(>=2)=1,*=0,,,,,,,
Q_051_l,Peatones circulando - Lado izquierdo,seg_acera_peatones_circ_izq,segment,aesthetics_social,aesthetics_social_positive,obstacles,,Q_051,formula,TRUE,,positive,,[value],,,,,,,,
Q_051_r,Peatones circulando - Lado derecho,seg_acera_peatones_circ_der,segment,aesthetics_social,aesthetics_social_positive,obstacles,,Q_051,formula,TRUE,,positive,,[value],,,,,,,,
Q_052_l,Peatones estacionarios - Lado izquierdo,seg_acera_peatones_est_izq,segment,aesthetics_social,aesthetics_social_positive,obstacles,,Q_051,formula,TRUE,,positive,,[value],,,,,,,,
Q_052_r,Peatones estacionarios - Lado derecho,seg_acera_peatones_est_der,segment,aesthetics_social,aesthetics_social_positive,obstacles,,Q_051,formula,TRUE,,positive,,[value],,,,,,,,
## Aesthetics and social negative,,,,,,,,,,MAX=,,,-2,,,,,,,,,
### Segment poorly maintained,,,,,,,,,,,,,-1,,,,,,,,,
Q_072,Mantenimiento general,seg_mantenimiento_general,segment,aesthetics_social,aesthetics_social_negative,segment_poorly_maintained,,,option,TRUE,,negative,-1,A=0:Muy bueno(76/100%),B=0:Bueno (51/75%),C=0:Regular (26/50%),D=-1:Malo (1/25%),C=-1:Muy malo (0%),,,,
### Graffiti,,,,,,,,,,,,,-1,,,,,,,,,
Q_073,Graffitis,seg_grafitis,segment,aesthetics_social,aesthetics_social_negative,graffiti,,,option,TRUE,,negative,-1,A=0:No existe,B=-1:Pocos,C=-1:Algunos,D=-1:Muchos,,,,,
,,,,,,,,,,,,,,,,,,,,,,
# SIDEWALKS,,,,,,,,,,MAX=,,,16,MIN=,-8,,,,,,,
## Sidewalk positive,,,,,,,,,,MAX=,,,16,,,,,,,,,
### Sidewalk existence,,,,,,,,,,,,,2,,,,,,,,,
Q_028,Existencia de Acera,seg_acera,segment,sidewalks,sidewalk_positive,sidewalk_existence,TRUE,,numeric,TRUE,,positive,2,"(>0, <=1)=1",(>=2)=2,*=0,,,,,,
Q_028_l,Existe acera - Lado izquierdo,seg_acera_izq,segment,sidewalks,sidewalk_positive,sidewalk_existence,,Q_028,bool,TRUE,,positive,,True=1,False=0,,,,,,,
Q_028_r,Existe acera - Lado derecho,seg_acera_der,segment,sidewalks,sidewalk_positive,sidewalk_existence,,Q_028,bool,TRUE,,positive,,True=1,False=0,,,,,,,
Q_028b_l,Existe lugar alternativo a acera - Lado izquierdo,seg_acera_alternativo_izq,segment,sidewalks,sidewalk_positive,sidewalk_existence,Q_028,,bool,TRUE,,positive,,True=1,False=0,,,,,,,
Q_028b_r,Existe lugar alternativo a acera - Lado derecho,seg_acera_alternativo_der,segment,sidewalks,sidewalk_positive,sidewalk_existence,Q_028,,bool,TRUE,,positive,,True=1,False=0,,,,,,,
### Good sidewalk quality,,,,,,,,,,,,,2,,,,,,,,,
Q_032,Estado de la acera,seg_acera_estado,segment,sidewalks,sidewalk_positive,good_sidewalk_quality,TRUE,,numeric,TRUE,,positive,2,"(>0, <=1)=1",(>=2)=2,*=0,,,,,,
Q_032_l,Estado de la acera - Lado izquierdo,seg_acera_estado_izq,segment,sidewalks,sidewalk_positive,good_sidewalk_quality,,Q_032,option,TRUE,,positive,,A=1:Muy Bueno,B=1:Bueno,C=0:Regular,D=0:Malo,E=0:Muy Malo,,,,
Q_032_r,Estado de la acera - Lado derecho,seg_acera_estado_der,segment,sidewalks,sidewalk_positive,good_sidewalk_quality,,Q_032,option,TRUE,,positive,,A=1:Muy Bueno,B=1:Bueno,C=0:Regular,D=0:Malo,E=0:Muy Malo,,,,
### Sidewalk width,,,,,,,,,,,,,2,,,,,,,,,
Q_030,Ancho de Acera,seg_acera_ancho,segment,sidewalks,sidewalk_positive,sidewalk_existence,TRUE,,numeric,TRUE,,positive,2,"(>0, <=1)=1",(>=2)=2,*=0,,,,,,
Q_030_l,Ancho acera - Lado izquierdo,seg_acera_ancho_izq,segment,sidewalks,sidewalk_positive,sidewalk_existence,,Q_030,numeric,TRUE,,positive,,(>2)=1,*=0,,,,,,,
Q_030_r,Ancho acera - Lado derecho,seg_acera_ancho_der,segment,sidewalks,sidewalk_positive,sidewalk_existence,,Q_030,numeric,TRUE,,positive,,(>2)=1,*=0,,,,,,,
### Buffer positivo,,,,,,,,,,,,,2,,,,,,,,,
Q_033,Buffer seguridad de Acera,seg_acera_buffer,segment,sidewalks,sidewalk_positive,sidewalk_buffer,TRUE,,numeric,TRUE,,positive,2,"(>0, <=1)=1",(>=2)=2,*=0,,,,,,
Q_033_l,Buffer seguridad - Lado izquierdo,seg_acera_buffer_izq,segment,sidewalks,sidewalk_positive,sidewalk_buffer,,Q_033,numeric,TRUE,,positive,,(>0)=1,*=0,,,,,,,
Q_033_r,Buffer seguridad - Lado derecho,seg_acera_buffer_der,segment,sidewalks,sidewalk_positive,sidewalk_buffer,,Q_033,numeric,TRUE,,positive,,(>0)=1,*=0,,,,,,,
### Pedestrian street ,,,,,,,,,,,,,8,,,,,,,,,
Q_004,Circulación,seg_circulacion,segment,sidewalks,sidewalk_positive,pedestrian_street ,,,option,TRUE,,positive,8,A=0:Vehicular,B=8:Peatonal,*=0,,,,,,
## Sidewalk negative,,,,,,,,,,MAX=,,,-8,,,,,,,,,
### Sidewalk continuity,,,,,,,,,,,,,-2,,,,,,,,,
Q_029,Continuidad de Acera,seg_acera_continuidad,segment,sidewalks,sidewalk_negative,sidewalk_continuity,TRUE,,numeric,TRUE,,negative,-2,"(>0, <=1)=-1",(>=2)=-2,*=0,,,,,,
Q_029_l,Continuidad acera - Lado izquierdo,seg_acera_continuidad_izq,segment,sidewalks,sidewalk_negative,sidewalk_continuity,,Q_029,bool,TRUE,,negative,,True=1,False=0,*=0,,,,,,
Q_029_r,Continuidad acera - Lado derecho,seg_acera_continuidad_der,segment,sidewalks,sidewalk_negative,sidewalk_continuity,,Q_029,bool,TRUE,,negative,,True=1,False=0,,,,,,,
### Bad sidewalk quality,,,,,,,,,,,,,-2,,,,,,,,,
Q_032_NEG,Estado de la acera,seg_acera_estado,segment,sidewalks,sidewalk_negative,good_sidewalk_quality,TRUE,,numeric,TRUE,,negative,-2,"(>0, <=1)=-1",(>=2)=-2,*=0,,,,,,
Q_032_l,Estado de la acera - Lado izquierdo,seg_acera_estado_izq,segment,sidewalks,sidewalk_negative,good_sidewalk_quality,,Q_032_NEG,option,TRUE,,negative,,A=0:Muy Bueno,B=0:Bueno,C=0:Regular,D=1:Malo,E=1:Muy Malo,,,,
Q_032_r,Estado de la acera - Lado derecho,seg_acera_estado_der,segment,sidewalks,sidewalk_negative,good_sidewalk_quality,,Q_032_NEG,option,TRUE,,negative,,A=0:Muy Bueno,B=0:Bueno,C=0:Regular,D=1:Malo,E=1:Muy Malo,,,,
### Obstacles,,,,,,,,,,,,,-2,,,,,,,,,
Q_047_OBS,Obstáculos,seg_acera_obstaculos,segment,sidewalks,sidewalk_negative,obstacles,TRUE,,numeric,TRUE,,negative,-2,"(>=0, <=0)=0","(>0,<=1)=-1",(>1)=-2,*=0,,,,,
Q_047,No. de obstáculos Salvables,seg_acera_num_obstacules_perm_salv_izq,segment,sidewalks,sidewalk_negative,obstacles,TRUE,Q_047_OBS,formula,TRUE,,negative,,[value] * 0.5,,,,,,,,
Q_047_l,No. de obstáculos Permanentes Salvables - Lado izquierdo,seg_acera_num_obstacules_perm_salv_izq,segment,sidewalks,sidewalk_negative,obstacles,,Q_047,formula,TRUE,,negative,,[value],,,,,,,,
Q_047_r,No. de obstáculos Permanentes Salvables - Lado derecho,seg_acera_num_obstacules_perm_salv_der,segment,sidewalks,sidewalk_negative,obstacles,,Q_047,formula,TRUE,,negative,,[value],,,,,,,,
Q_049_l,No. de obstáculos Temporales salvables - Lado izquierdo,seg_acera_num_obstacules_temp_salv_izq,segment,sidewalks,sidewalk_negative,obstacles,,Q_047,formula,FALSE,,negative,,[value],,,,,,,,
Q_049_r,No. de obstáculos Temporales salvables - Lado derecho,seg_acera_num_obstacules_temp_salv_der,segment,sidewalks,sidewalk_negative,obstacles,,Q_047,formula,FALSE,,negative,,[value],,,,,,,,
Q_048,No. de obstáculos Insalvables,seg_acera_num_obstacules_perm_salv_izq,segment,sidewalks,sidewalk_negative,obstacles,TRUE,Q_047_OBS,formula,TRUE,,negative,,[value],,,,,,,,
Q_048_l,No. de obstáculos Permanentes Insalvables - Lado izquierdo,seg_acera_num_obstacules_perm_insalv_izq,segment,sidewalks,sidewalk_negative,obstacles,,Q_048,formula,TRUE,,negative,,[value],,,,,,,,
Q_048_r,No. de obstáculos Permanentes Insalvables - Lado derecho,seg_acera_num_obstacules_perm_insalv_der,segment,sidewalks,sidewalk_negative,obstacles,,Q_048,formula,TRUE,,negative,,[value],,,,,,,,
Q_050_l,No. de obstáculos Temporales Insalvables - Lado izquierdo,seg_acera_num_obstacules_temp_insalv_izq,segment,sidewalks,sidewalk_negative,obstacles,,Q_048,formula,FALSE,,negative,,[value],,,,,,,,
Q_050_r,No. de obstáculos Temporales Insalvables - Lado derecho,seg_acera_num_obstacules_temp_insalv_der,segment,sidewalks,sidewalk_negative,obstacles,,Q_048,formula,FALSE,,negative,,[value],,,,,,,,
### Vehicle ramps ,,,,,,,,,,,,,-2,,,,,,,,,
Q_021_SEG,Número de Rampas Vehiculares,seg_vehicle_ramps,segment,sidewalks,sidewalk_negative,obstacles,TRUE,,num_in_parcels,FALSE,,negative,-2,"(>=0, <=1)=0","(>1,<=5)=-1",(>5)=-2,*=0,,,,,
Q_021,Rampas vehiculares,build_vehicle_ramps,parcel,sidewalks,sidewalk_negative,obstacles,,Q_021_SEG,bool,TRUE,,positive,,True=1,False=0,,,,,,,
### Sidewalk width negativo,,,,,,,,,,,,,2,,,,,,,,,
Q_030,Ancho de Acera,seg_acera_ancho,segment,sidewalks,sidewalk_positive,sidewalk_existence,TRUE,,numeric,TRUE,,positive,2,"(>0, <=1)=-1",(>=2)=-2,*=0,,,,,,
Q_030_l,Ancho acera - Lado izquierdo,seg_acera_ancho_izq,segment,sidewalks,sidewalk_positive,sidewalk_existence,,Q_030,numeric,TRUE,,positive,,(<1.5)=1,*=0,,,,,,,
Q_030_r,Ancho acera - Lado derecho,seg_acera_ancho_der,segment,sidewalks,sidewalk_positive,sidewalk_existence,,Q_030,numeric,TRUE,,positive,,(<1.5)=1,*=0,,,,,,,
### Buffer negativo,,,,,,,,,,,,,2,,,,,,,,,
Q_033,Buffer seguridad de Acera,seg_acera_buffer,segment,sidewalks,sidewalk_positive,sidewalk_buffer,TRUE,,numeric,TRUE,if( Q_066 >= 50 ),positive,2,"(>0, <=1)=-1",(>=2)=-2,*=0,,,,,,
Q_033_l,Buffer seguridad - Lado izquierdo,seg_acera_buffer_izq,segment,sidewalks,sidewalk_positive,sidewalk_buffer,,Q_033,numeric,TRUE,,positive,,(>0)=0,*=1,,,,,,,
Q_033_r,Buffer seguridad - Lado derecho,seg_acera_buffer_der,segment,sidewalks,sidewalk_positive,sidewalk_buffer,,Q_033,numeric,TRUE,,positive,,(>0)=0,*=1,,,,,,,
,,,,,,,,,,,,,,,,,,,,,,
# BUILDING AESTHETICS AND DESIGN,,,,,,,,,,MAX=,,,8,MIN=,-3,,,,,,,
## Building Aesthetics and Design Positive,,,,,,,,,,MAX=,,,8,,,,,,,,,
### Windows,,,,,,,,,,,,,2,,,,,,,,,
Q_022_SEG,Proporción de construcciones con ventanas,windows_build_proportion,segment,building,building_positive,windows,TRUE,,proportion_building,TRUE,,positive,2,"(>0, <=0.25)=0","(>0.25, <=0.75)=1",(>0.75)=2,*=0,,,,,
Q_022,Ventanas,build_windows,parcel,building,building_positive,windows,,Q_022_SEG,numeric,TRUE,,positive,,(>0)=1,,,,,,,,
### Doors,,,,,,,,,,,,,1,,,,,,,,,
Q_019_SEG,Proporción de construcciones con puertas,doors_build_proportion,segment,building,building_positive,doors,TRUE,,proportion_building,TRUE,,positive,1,"(>0, <=0.50)=0",(>0.50)=1,*=0,,,,,,
Q_019,Doors,build_doors,parcel,building,building_positive,doors,,Q_019_SEG,numeric,TRUE,,positive,,(>0)=1,*=0,,,,,,,
### Transparency,,,,,,,,,,,,,2,,,,,,,,,
Q_024_SEG,Proporción de construcciones con cerramiento transparente o semi transparente,transparency_build_proportion,segment,building,building_positive,doors,TRUE,,proportion_building,TRUE,,positive,2,"(>0, <=0.25)=0","(>0.25, <=0.75)=1",(>0.75)=2,*=0,,,,,
Q_024,Transparencia,build_transparency,parcel,building,building_positive,doors,,Q_024_SEG,option,TRUE,,positive,,A=1:Transparente:,B=1:Semitransparente,C=0:Opaco,*=0,,,,,
### Vegetation,,,,,,,,,,,,,2,,,,,,,,,
Q_025_SEG,Proporción de lotes con vegetación,transparency_parcel_proportion,segment,building,building_positive,vegetation,TRUE,,proportion_parcels,TRUE,,positive,2,"(>0, <=0.25)=0","(>0.25, <=0.75)=1",(>0.75)=2,*=0,,,,,
Q_025,Vegetation,build_vegetation,parcel,building,building_positive,vegetation,,Q_025_SEG,option,TRUE,,positive,,A=1:Con vegetación,B=0:Sin vegetación,*=0,,,,,,
### Building maintenance,,,,,,,,,,,,,1,,,,,,,,,
Q_023_SEG,Proporción de lconstrucciones bien mantenidas,maintenance_build_proportion,segment,building,building_positive,building_maintenance,TRUE,,proportion_building,TRUE,,positive,1,"(>=0, <=0.75)=0",(>0.75)=1,*=0,,,,,,
Q_023,Construcciones bien mantenidas,build_maintenance,parcel,building,building_positive,building_maintenance,,Q_023_SEG,option,TRUE,,positive,,A=1:Bueno (76-100%),B=0:Regular (51-75%),C=0:Malo,D=0:Precario,E=0:N/S o N/A,,,,
## Building Aesthetics and Design Negative,,,,,,,,,,MAX=,,,-3,,,,,,,,,
### Blind walls - Blind walls are segments of the street where less than 10% of buldings have windows at the street level,,,,,,,,,,,,,-1,,,,,,,,,
Q_022_SEG_NEG,Proporción de construcciones sin ventanas,windows_build_proportion_neg,segment,building,building_negative,windows,TRUE,,proportion_building,TRUE,,negative,-1,(<0.10)=-1,*=0,,,,,,,
Q_022,Ventanas,build_windows,parcel,building,building_negative,windows,,Q_022_SEG_NEG,numeric,TRUE,,positive,,(>0)=1,*=0,,,,,,,
### Poorly maintained buildings - If more than 50% of buildings are poorly or very poorly mainateined,,,,,,,,,,,,,-1,,,,,,,,,
Q_023_SEG_NEG,Proporción de lconstrucciones mal mantenidas,poorly_maintenance_build_proportion,segment,building,building_negative,building_maintenance,TRUE,,proportion_building,TRUE,,negative,-1,"(>0, <0.5)=0",(>=0.5)=-1,*=0,,,,,,
Q_023,Construcciones bien mantenidas,poorly_build_maintenance,parcel,building,building_negative,building_maintenance,,Q_023_SEG_NEG,option,TRUE,,positive,,A=0:Bueno (76-100%),B=0:Regular (51-75%),C=1:Malo,D=1:Precario,E=0:N/S o N/A,,,,
### Empty lots - More than 25% of the segment lots are empty = 1,,,,,,,,,,,,,-1,,,,,,,,,
Q_017_SEG_NEG,Proporción de lotes vacíos en el segmento,empty_lots_proportion,segment,building,building_negative,empty_lots,TRUE,,proportion_parcels,TRUE,,negative,-1,(>=0.25)=-1,*=0,,,,,,,
Q_017,Empty Lots,empty_lots,parcel,building,building_negative,empty_lots,,Q_017_SEG_NEG,numeric,TRUE,,positive,,(<1)=1,*=0,,,,,,,
,,,,,,,,,,,,,,,,,,,,,,
# Intersections,,,,,,,,,,MAX=,,,14,MIN=,-12,,,,,,,
## Intersections Positive,,,,,,,,,,MAX=,,,14,,,,,,,,,
### Signage,,,,,,,,,,,,,4,,,,,,,,,
Q_008,Semaforo - Inicial,seg_semaforo_ini,segment,intersections,intersections_positive,signage,TRUE,,numeric,TRUE,,positive,2,"(>=1, <=6)=1",(>=7)=2,*=0,,,,,,
Q_008a,Semáforo vehicular - Inicial,seg_semaforo_vehicular_ini,segment,intersections,intersections_positive,signage,,Q_008,bool,TRUE,,positive,,True=1,False=0,,,,,,,
Q_008b,Semáforo peatonal - Inicial,seg_semaforo_peatonal_ini,segment,intersections,intersections_positive,signage,,Q_008,bool,TRUE,,positive,,True=1,False=0,,,,,,,
Q_008c,Temporizador - Inicial,seg_semaforo_temporizador_ini,segment,intersections,intersections_positive,signage,,Q_008,bool,TRUE,,positive,,True=1,False=0,,,,,,,
Q_008d,Pulsador - Inicial,seg_semaforo_pulsador_ini,segment,intersections,intersections_positive,signage,,Q_008,bool,TRUE,,positive,,True=1,False=0,,,,,,,
Q_008e,Sonido - Inicial,seg_semaforo_sonido_ini,segment,intersections,intersections_positive,signage,,Q_008,bool,TRUE,,positive,,True=1,False=0,,,,,,,
Q_008f,Senal de pare - Inicial,seg_semaforo_pare_ini,segment,intersections,intersections_positive,signage,,Q_008,bool,TRUE,,positive,,True=1,False=0,,,,,,,
Q_008g,Senal de paso peatonal - Inicial,seg_semaforo_paso_peatonal_ini,segment,intersections,intersections_positive,signage,,Q_008,bool,TRUE,,positive,,True=1,False=0,,,,,,,
Q_077,Semaforo - Final,seg_semaforo_fin,segment,intersections,intersections_positive,signage,TRUE,,numeric,TRUE,,positive,2,"(>=1, <=6)=1",(>=7)=2,*=0,,,,,,
Q_077a,Semáforo vehicular - Final,seg_semaforo_vehicular_fin,segment,intersections,intersections_positive,signage,,Q_077,bool,TRUE,,positive,,True=1,False=0,,,,,,,
Q_077b,Semáforo peatonal - Final,seg_semaforo_peatonal_fin,segment,intersections,intersections_positive,signage,,Q_077,bool,TRUE,,positive,,True=1,False=0,,,,,,,
Q_077c,Temporizador - Final,seg_semaforo_temporizador_fin,segment,intersections,intersections_positive,signage,,Q_077,bool,TRUE,,positive,,True=1,False=0,,,,,,,
Q_077d,Pulsador - Final,seg_semaforo_pulsador_fin,segment,intersections,intersections_positive,signage,,Q_077,bool,TRUE,,positive,,True=1,False=0,,,,,,,
Q_077e,Sonido - Final,seg_semaforo_sonido_fin,segment,intersections,intersections_positive,signage,,Q_077,bool,TRUE,,positive,,True=1,False=0,,,,,,,
Q_077f,Senal de pare - Final,seg_semaforo_pare_fin,segment,intersections,intersections_positive,signage,,Q_077,bool,TRUE,,positive,,True=1,False=0,,,,,,,
Q_077g,Senal de paso peatonal - Final,seg_semaforo_paso_peatonal_fin,segment,intersections,intersections_positive,signage,,Q_077,bool,TRUE,,positive,,True=1,False=0,,,,,,,
### Crossing design,,,,,,,,,,,,,6,,,,,,,,,
Q_007,Extensión de acera Inicial,seg_ext_acera_ini,segment,intersections,intersections_positive,crossing_design,,,bool,TRUE,,positive,1,True=1,False=0,,,,,,,
Q_076,Extensión de acera Final,seg_ext_acera_fin,segment,intersections,intersections_positive,crossing_design,,,bool,TRUE,,positive,1,True=1,False=0,,,,,,,
Q_009,Tipo de paso peatonal Inicial,seg_tipo_paso_peatonal_ini,segment,intersections,intersections_positive,crossing_design,,,option,TRUE,,positive,2,A=1:Paso Cebra,B=1:Paso peatonal marcado con bandas de alta visibilidad,C=1: Diferente material al de la calzada,D=2:Plataforma única,E=0:Otro tipo,F=0:No hay paso peatonal,,,
Q_078,Tipo de paso peatonal Final,seg_tipo_paso_peatonal_fin,segment,intersections,intersections_positive,crossing_design,,,option,TRUE,,positive,2,A=1:Paso Cebra,B=1:Paso peatonal marcado con bandas de alta visibilidad,C=1: Diferente material al de la calzada,D=2:Plataforma única,E=0:Otro tipo,F=0:No hay paso peatonal,,,
### Ramps,,,,,,,,,,,,,4,,,,,,,,,
Q_011,Rampa lado derecho - Inicial,seg_rampa_der_ini,segment,intersections,intersections_positive,ramps,,,option,TRUE,,positive,1,A=1:Rampa alineada con el cruce,B=0:Rampa desplazada del cruce,C=0:No existe,,,,,,
Q_012,Rampa lado izquierdo - Inicial,seg_rampa_izq_ini,segment,intersections,intersections_positive,ramps,,,option,TRUE,,positive,1,A=1:Rampa alineada con el cruce,B=0:Rampa desplazada del cruce,C=0:No existe,,,,,,
Q_080,Rampa lado derecho - Final,seg_rampa_der_fin,segment,intersections,intersections_positive,ramps,,,option,TRUE,,positive,1,A=1:Rampa alineada con el cruce,B=0:Rampa desplazada del cruce,C=0:No existe,,,,,,
Q_081,Rampa lado izquierdo - Final,seg_rampa_izq_fin,segment,intersections,intersections_positive,ramps,,,option,TRUE,,positive,1,A=1:Rampa alineada con el cruce,B=0:Rampa desplazada del cruce,C=0:No existe,,,,,,
## Intersections Negative,,,,,,,,,,MAX=,,,-12,,,,,,,,,
### Crosswalk Discontinuity,,,,,,,,,,,,,-2,,,,,,,,,
Q_010,Continuidad del paso peatonal - Inicial,seg_cont_paso_peatonal_ini,segment,intersections,intersections_negative,crosswalk_discontinuity,,,bool,TRUE,,negative,-1,True=-1,False=0,,,,,,,
Q_079,Continuidad del paso peatonal - Final,seg_cont_paso_peatonal_fin,segment,intersections,intersections_negative,crosswalk_discontinuity,,,bool,TRUE,,negative,-1,True=-1,False=0,,,,,,,
### Intersection configuration,,,,,,,,,,,,,-6,,,,,,,,,
Q_005,Bocacalles de la intersección Inicial,seg_interseccion_ini,segment,intersections,intersections_negative,intersection_configuration,,,option,TRUE,,negative,-2,1=0,2=0,3=-1,4=-2,5+=-2,,,,
Q_074,Bocacalles de la intersección Final,seg_interseccion_fin,segment,intersections,intersections_negative,intersection_configuration,,,option,TRUE,,negative,-2,1=0,2=0,3=-1,4=-2,5+=-2,,,,
Q_006,Redondel Inicial,seg_redondel_ini,segment,intersections,intersections_negative,intersection_configuration,,,bool,TRUE,,negative,-1,True=-1,False=0,,,,,,,
Q_075,Redondel Final,seg_redondel_fin,segment,intersections,intersections_negative,intersection_configuration,,,bool,TRUE,,negative,-1,True=-1,False=0,,,,,,,
### Curbs height,,,,,,,,,,,,,-4,,,,,,,,,
Q_013,Alto de acera lado derecho - Inicial,seg_alto_acera_der_ini,segment,intersections,intersections_negative,curbs_height,,,option,TRUE,,negative,-1,A=0:0 cm,B=0:Menor a 20 cm,C=-1:Entre 20 - 40 cm,D=-1:Mayor a 40 cm,E=0:Acera inexistente,,,,
Q_014,Alto de acera lado izquierdo - Inicial,seg_alto_acera_izq_ini,segment,intersections,intersections_negative,curbs_height,,,option,TRUE,,negative,-1,A=0:0 cm,B=0:Menor a 20 cm,C=-1:Entre 20 - 40 cm,D=-1:Mayor a 40 cm,E=0:Acera inexistente,,,,
Q_082,Alto de acera lado derecho - Final,seg_alto_acera_der_fin,segment,intersections,intersections_negative,curbs_height,,,option,TRUE,,negative,-1,A=0:0 cm,B=0:Menor a 20 cm,C=-1:Entre 20 - 40 cm,D=-1:Mayor a 40 cm,E=0:Acera inexistente,,,,
Q_083,Alto de acera lado izquierdo - Final,seg_alto_acera_izq_fin,segment,intersections,intersections_negative,curbs_height,,,option,TRUE,,negative,-1,A=0:0 cm,B=0:Menor a 20 cm,C=-1:Entre 20 - 40 cm,D=-1:Mayor a 40 cm,E=0:Acera inexistente,,,,
,,,,,,,,,,,,,,,,,,,,,,
# DIVERSIDAD DE USOS DE SUELO,,,,,,,,,,MAX=,,,2,MIN=,0,,,,,,,
## Diversidad de Usos de Suelo Positive,,,,,,,,,,MAX=,,,2,,,,,,,,,
Q_018,Diversidad de Uos de Suelo,,segment,usos,usos,diversity_index,TRUE,,shannon,TRUE,,positive,2,"(>=1,<=1.5)=1",(>1.5)=2,*=0,,,,,,
### Alimentación,,,,,,,,,,,,,,,,,,,,,,
Q_018A1,RESTAURANTE DE COMIDA RÁPIDA,,parcel,usos,usos,diversity_index,,Q_018,formula,TRUE,,positive,,[value],,,,,,,,
Q_018A2,RESTAURANTE BAR,,parcel,usos,usos,diversity_index,,Q_018,formula,TRUE,,positive,,[value],,,,,,,,
Q_018A3,RESTAURANTE FAMILIAR,,parcel,usos,usos,diversity_index,,Q_018,formula,TRUE,,positive,,[value],,,,,,,,
Q_018A4,CAFETERÍA / FUENTE DE SODA,,parcel,usos,usos,diversity_index,,Q_018,formula,TRUE,,positive,,[value],,,,,,,,
Q_018A5,TIENDA DE ABARROTES,,parcel,usos,usos,diversity_index,,Q_018,formula,TRUE,,positive,,[value],,,,,,,,
Q_018A6,TIENDA DE COMESTIBLES ESPECIALIZADA,,parcel,usos,usos,diversity_index,,Q_018,formula,TRUE,,positive,,[value],,,,,,,,
## Residencial,,,,,,,,,,,,,,,,,,,,,,
Q_018B1,VIVIENDA UNIFAMILIAR,,parcel,usos,usos,diversity_index,,Q_018,formula,TRUE,,positive,,[value],,,,,,,,
Q_018B2,VIVIENDA MULTIFAMILIAR,,parcel,usos,usos,diversity_index,,Q_018,formula,TRUE,,positive,,[value],,,,,,,,
Q_018B3,DEPARTAMENTOS,,parcel,usos,usos,diversity_index,,Q_018,formula,TRUE,,positive,,[value],,,,,,,,
## Comercial,,,,,,,,,,,,,,,,,,,,,,
Q_018C1,LICORERÍA,,parcel,usos,usos,diversity_index,,Q_018,formula,TRUE,,positive,,[value],,,,,,,,
Q_018C2,FARMACIA,,parcel,usos,usos,diversity_index,,Q_018,formula,TRUE,,positive,,[value],,,,,,,,
Q_018C3,Local abierto 24 horas,,parcel,usos,usos,diversity_index,,Q_018,formula,TRUE,,positive,,[value],,,,,,,,
Q_018C4,OTRO COMERCIO,,parcel,usos,usos,diversity_index,,Q_018,formula,TRUE,,positive,,[value],,,,,,,,
Q_018C5,GRAN LOCAL COMERCIAL,,parcel,usos,usos,diversity_index,,Q_018,formula,TRUE,,positive,,[value],,,,,,,,
## Recreativo,,,,,,,,,,,,,,,,,,,,,,
Q_018R1,ACADEMIA / GIMNASIO,,parcel,usos,usos,diversity_index,,Q_018,formula,TRUE,,positive,,[value],,,,,,,,
Q_018R2,EQUIPAMIENTO DEPORTIVO,,parcel,usos,usos,diversity_index,,Q_018,formula,TRUE,,positive,,[value],,,,,,,,
Q_018R3,PLAZA,,parcel,usos,usos,diversity_index,,Q_018,formula,TRUE,,positive,,[value],,,,,,,,
Q_018R4,PARQUE PRIVADO,,parcel,usos,usos,diversity_index,,Q_018,formula,TRUE,,positive,,[value],,,,,,,,
Q_018R5,PARQUE PÚBLICO,,parcel,usos,usos,diversity_index,,Q_018,formula,TRUE,,positive,,[value],,,,,,,,
## Servicios,,,,,,,,,,,,,,,,,,,,,,
Q_018S1,BANCO / COOPERATIVA,,parcel,usos,usos,diversity_index,,Q_018,formula,TRUE,,positive,,[value],,,,,,,,
Q_018S2,HOSPITAL / CLÍNICA,,parcel,usos,usos,diversity_index,,Q_018,formula,TRUE,,positive,,[value],,,,,,,,
Q_018S3,PROFESIONALES DE LA SALUD,,parcel,usos,usos,diversity_index,,Q_018,formula,TRUE,,positive,,[value],,,,,,,,
Q_018S4,CULTURAL,,parcel,usos,usos,diversity_index,,Q_018,formula,TRUE,,positive,,[value],,,,,,,,
Q_018S5,OTRO SERVICIO,,parcel,usos,usos,diversity_index,,Q_018,formula,TRUE,,positive,,[value],,,,,,,,
Q_018S6,EQUIPAMENTO EDUCATIVO,,parcel,usos,usos,diversity_index,,Q_018,formula,TRUE,,positive,,[value],,,,,,,,
Q_018S7,TEMPLO,,parcel,usos,usos,diversity_index,,Q_018,formula,TRUE,,positive,,[value],,,,,,,,
Q_018S8,PARQUEADERO PÚBLICO,,parcel,usos,usos,diversity_index,,Q_018,formula,TRUE,,positive,,[value],,,,,,,,
Q_018S9,ENTRETENIMIENTO NOCTURNO,,parcel,usos,usos,diversity_index,,Q_018,formula,TRUE,,positive,,[value],,,,,,,,
